Vehiculo;Trayecto 1;Trayecto 2;Trayecto 3;Trayecto 4;Trayecto 5;Trayecto 6;Trayecto 7;Trayecto 8
Camion electrico;82677;27559;19685;39370;7874;31496;55118;86614
Camion 1;82677;27559;19685;39370;7874;31496;55118;86614
Camion 2;82677;27559;19685;39370;7874;31496;55118;86614
Camion electrico;82677;27559;19685;39370;7874;31496;55118;86614
Camion 1;82677;27559;19685;39370;7874;31496;55118;86614
Camion 2;82677;27559;19685;39370;7874;31496;55118;86614
Camion electrico;82677;27559;19685;39370;7874;31496;55118;86614
Camion 1;82677;27559;19685;39370;7874;31496;55118;86614
Camion 2;82677;27559;19685;39370;7874;31496;55118;86614
Camion electrico;82677;27559;19685;39370;7874;31496;55118;86614
Camion 1;82677;27559;19685;39370;7874;31496;55118;86614
Camion 2;82677;27559;19685;39370;7874;31496;55118;86614
Camion electrico;82677;27559;19685;39370;7874;31496;55118;86614
Camion 1;82677;27559;19685;39370;7874;31496;55118;86614
Camion 2;82677;27559;19685;39370;7874;31496;55118;86614
Camion electrico;82677;27559;19685;39370;7874;31496;55118;86614
Camion 1;82677;27559;19685;39370;7874;31496;55118;86614
Camion 2;82677;27559;19685;39370;7874;31496;55118;86614
Camion electrico;82677;27559;19685;39370;7874;31496;55118;86614
Camion 1;82677;27559;19685;39370;7874;31496;55118;86614
Camion 2;82677;27559;19685;39370;7874;31496;55118;86614
Camion electrico;82677;27559;19685;39370;7874;31496;55118;86614
Camion 1;82677;27559;19685;39370;7874;31496;55118;86614
Camion 2;82677;27559;19685;39370;7874;31496;55118;86614
Camion electrico;82677;27559;19685;39370;7874;31496;55118;86614
Camion 1;82677;27559;19685;39370;7874;31496;55118;86614
Camion 2;82677;27559;19685;39370;7874;31496;55118;86614
Camion electrico;82677;27559;19685;39370;7874;31496;55118;86614
Camion 1;82677;27559;19685;39370;7874;31496;55118;86614
Camion 2;82677;27559;19685;39370;7874;31496;55118;86614
Camion electrico;82677;27559;19685;39370;7874;31496;55118;86614
Camion 1;82677;27559;19685;39370;7874;31496;55118;86614
Camion 2;82677;27559;19685;39370;7874;31496;55118;86614
Camion electrico;82677;27559;19685;39370;7874;31496;55118;86614
Camion 1;82677;27559;19685;39370;7874;31496;55118;86614
Camion 2;82677;27559;19685;39370;7874;31496;55118;86614
Camion electrico;82677;27559;19685;39370;7874;31496;55118;86614
Camion 1;82677;27559;19685;39370;7874;31496;55118;86614
Camion 2;82677;27559;19685;39370;7874;31496;55118;86614
Camion electrico;82677;27559;19685;39370;7874;31496;55118;86614
Camion 1;82677;27559;19685;39370;7874;31496;55118;86614
Camion 2;82677;27559;19685;39370;7874;31496;55118;86614
Camion electrico;82677;27559;19685;39370;7874;31496;55118;86614
Camion 1;82677;27559;19685;39370;7874;31496;55118;86614
Camion 2;82677;27559;19685;39370;7874;31496;55118;86614
Camion electrico;82677;27559;19685;39370;7874;31496;55118;86614
Camion 1;82677;27559;19685;39370;7874;31496;55118;86614
Camion 2;82677;27559;19685;39370;7874;31496;55118;86614
Camion electrico;82677;27559;19685;39370;7874;31496;55118;86614
Camion 1;82677;27559;19685;39370;7874;31496;55118;86614
Camion 2;82677;27559;19685;39370;7874;31496;55118;86614
Camion electrico;82677;27559;19685;39370;7874;31496;55118;86614
Camion 1;82677;27559;19685;39370;7874;31496;55118;86614
Camion 2;82677;27559;19685;39370;7874;31496;55118;86614
Camion electrico;82677;27559;19685;39370;7874;31496;55118;86614
Camion 1;82677;27559;19685;39370;7874;31496;55118;86614
Camion 2;82677;27559;19685;39370;7874;31496;55118;86614
Camion electrico;82677;27559;19685;39370;7874;31496;55118;86614
Camion 1;82677;27559;19685;39370;7874;31496;55118;86614
Camion 2;82677;27559;19685;39370;7874;31496;55118;86614
Camion electrico;82677;27559;19685;39370;7874;31496;55118;86614
Camion 1;82677;27559;19685;39370;7874;31496;55118;86614
Camion 2;82677;27559;19685;39370;7874;31496;55118;86614
Camion electrico;82677;27559;19685;39370;7874;31496;55118;86614
Camion 1;82677;27559;19685;39370;7874;31496;55118;86614
Camion 2;82677;27559;19685;39370;7874;31496;55118;86614
Camion electrico;82677;27559;19685;39370;7874;31496;55118;86614
Camion 1;82677;27559;19685;39370;7874;31496;55118;86614
Camion 2;82677;27559;19685;39370;7874;31496;55118;86614
Camion electrico;82677;27559;19685;39370;7874;31496;55118;86614
Camion 1;82677;27559;19685;39370;7874;31496;55118;86614
Camion 2;82677;27559;19685;39370;7874;31496;55118;86614
Camion electrico;82677;27559;19685;39370;7874;31496;55118;86614
Camion 1;82677;27559;19685;39370;7874;31496;55118;86614
Camion 2;82677;27559;19685;39370;7874;31496;55118;86614
Camion electrico;82677;27559;19685;39370;7874;31496;55118;86614
Camion 1;82677;27559;19685;39370;7874;31496;55118;86614
Camion 2;82677;27559;19685;39370;7874;31496;55118;86614
Camion electrico;82677;27559;19685;39370;7874;31496;55118;86614
Camion 1;82677;27559;19685;39370;7874;31496;55118;86614
Camion 2;82677;27559;19685;39370;7874;31496;55118;86614
Camion electrico;82677;27559;19685;39370;7874;31496;55118;86614
Camion 1;82677;27559;19685;39370;7874;31496;55118;86614
Camion 2;82677;27559;19685;39370;7874;31496;55118;86614
Camion electrico;82677;27559;19685;39370;7874;31496;55118;86614
Camion 1;82677;27559;19685;39370;7874;31496;55118;86614
Camion 2;82677;27559;19685;39370;7874;31496;55118;86614
Camion electrico;82677;27559;19685;39370;7874;31496;55118;86614
Camion 1;82677;27559;19685;39370;7874;31496;55118;86614
Camion 2;82677;27559;19685;39370;7874;31496;55118;86614
Camion electrico;82677;27559;19685;39370;7874;31496;55118;86614
Camion 1;82677;27559;19685;39370;7874;31496;55118;86614
Camion 2;82677;27559;19685;39370;7874;31496;55118;86614
Camion electrico;82677;27559;19685;39370;7874;31496;55118;86614
Camion 1;82677;27559;19685;39370;7874;31496;55118;86614
Camion 2;82677;27559;19685;39370;7874;31496;55118;86614
Camion electrico;82677;27559;19685;39370;7874;31496;55118;86614
Camion 1;82677;27559;19685;39370;7874;31496;55118;86614
Camion 2;82677;27559;19685;39370;7874;31496;55118;86614
Camion electrico;82677;27559;19685;39370;7874;31496;55118;86614
Camion 1;82677;27559;19685;39370;7874;31496;55118;86614
Camion 2;82677;27559;19685;39370;7874;31496;55118;86614
Camion electrico;82677;27559;19685;39370;7874;31496;55118;86614
Camion 1;82677;27559;19685;39370;7874;31496;55118;86614
Camion 2;82677;27559;19685;39370;7874;31496;55118;86614
Camion electrico;82677;27559;19685;39370;7874;31496;55118;86614
Camion 1;82677;27559;19685;39370;7874;31496;55118;86614
Camion 2;82677;27559;19685;39370;7874;31496;55118;86614
Camion electrico;82677;27559;19685;39370;7874;31496;55118;86614
Camion 1;82677;27559;19685;39370;7874;31496;55118;86614
Camion 2;82677;27559;19685;39370;7874;31496;55118;86614
Camion electrico;82677;27559;19685;39370;7874;31496;55118;86614
Camion 1;82677;27559;19685;39370;7874;31496;55118;86614
Camion 2;82677;27559;19685;39370;7874;31496;55118;86614
Camion electrico;82677;27559;19685;39370;7874;31496;55118;86614
Camion 1;82677;27559;19685;39370;7874;31496;55118;86614
Camion 2;82677;27559;19685;39370;7874;31496;55118;86614
Camion electrico;82677;27559;19685;39370;7874;31496;55118;86614
Camion 1;82677;27559;19685;39370;7874;31496;55118;86614
Camion 2;82677;27559;19685;39370;7874;31496;55118;86614
Camion electrico;82677;27559;19685;39370;7874;31496;55118;86614
Camion 1;82677;27559;19685;39370;7874;31496;55118;86614
Camion 2;82677;27559;19685;39370;7874;31496;55118;86614
Camion electrico;82677;27559;19685;39370;7874;31496;55118;86614
Camion 1;82677;27559;19685;39370;7874;31496;55118;86614
Camion 2;82677;27559;19685;39370;7874;31496;55118;86614
Camion electrico;82677;27559;19685;39370;7874;31496;55118;86614
Camion 1;82677;27559;19685;39370;7874;31496;55118;86614
Camion 2;82677;27559;19685;39370;7874;31496;55118;86614
Camion electrico;82677;27559;19685;39370;7874;31496;55118;86614
Camion 1;82677;27559;19685;39370;7874;31496;55118;86614
Camion 2;82677;27559;19685;39370;7874;31496;55118;86614
Camion electrico;82677;27559;19685;39370;7874;31496;55118;86614
Camion 1;82677;27559;19685;39370;7874;31496;55118;86614
Camion 2;82677;27559;19685;39370;7874;31496;55118;86614
Camion electrico;82677;27559;19685;39370;7874;31496;55118;86614
Camion 1;82677;27559;19685;39370;7874;31496;55118;86614
Camion 2;82677;27559;19685;39370;7874;31496;55118;86614
Camion electrico;82677;27559;19685;39370;7874;31496;55118;86614
Camion 1;82677;27559;19685;39370;7874;31496;55118;86614
Camion 2;82677;27559;19685;39370;7874;31496;55118;86614
Camion electrico;82677;27559;19685;39370;7874;31496;55118;86614
Camion 1;82677;27559;19685;39370;7874;31496;55118;86614
Camion 2;82677;27559;19685;39370;7874;31496;55118;86614
Camion electrico;82677;27559;19685;39370;7874;31496;55118;86614
Camion 1;82677;27559;19685;39370;7874;31496;55118;86614
Camion 2;82677;27559;19685;39370;7874;31496;55118;86614
Camion electrico;82677;27559;19685;39370;7874;31496;55118;86614
Camion 1;82677;27559;19685;39370;7874;31496;55118;86614
Camion 2;82677;27559;19685;39370;7874;31496;55118;86614
;;;;;;;;
;;;;;;;;
;;;;;;;;
;;;;;;;;
;;;;;;;;
;;;;;;;;
